{"cameraMode":{"drawMode":0,"name":"Shaded","section":"Shading Mode"},"sceneLighting":true,"audioPlay":false,"sceneViewState":{"m_AlwaysRefresh":false,"showFog":true,"showSkybox":true,"showFlares":true,"showImageEffects":true,"showParticleSystems":true,"showVisualEffectGraphs":true,"m_FxEnabled":true},"in2DMode":false,"pivot":{"x":-20.529312133789064,"y":-2.262375831604004,"z":-228.7079620361328},"rotation":{"x":0.001479043159633875,"y":-0.998391330242157,"z":0.021256128326058389,"w":0.04705379903316498},"size":126.69951629638672,"orthographic":false}